question,bm25_sources,dense_sources,bm25_relevant,dense_relevant
What is the main topic discussed in the documents?,"We Were Never Meant to Be.pdf, Bhagavad Gita-As It Is.pdf, 135742-NEET Physics_Paper_With_Answer-pdf.pdf","Bhagavad Gita-As It Is.pdf, 135925-NEET-2024-bio-question-paper-pdf.pdf, We Were Never Meant to Be.pdf",y,y
What are the key concepts explained?,"We Were Never Meant to Be.pdf, Bhagavad Gita-As It Is.pdf, 135742-NEET Physics_Paper_With_Answer-pdf.pdf","135925-NEET-2024-bio-question-paper-pdf.pdf, Bhagavad Gita-As It Is.pdf, 1407-Chemistry_Paper_With_Answer-NEET-pdf.pdf",y,y
What are the important definitions?,"Bhagavad Gita-As It Is.pdf, We Were Never Meant to Be.pdf, 135742-NEET Physics_Paper_With_Answer-pdf.pdf","We Were Never Meant to Be.pdf, Bhagavad Gita-As It Is.pdf, 135925-NEET-2024-bio-question-paper-pdf.pdf",y,y
What methods or approaches are described?,"Bhagavad Gita-As It Is.pdf, We Were Never Meant to Be.pdf, 135742-NEET Physics_Paper_With_Answer-pdf.pdf","135925-NEET-2024-bio-question-paper-pdf.pdf, Bhagavad Gita-As It Is.pdf, 1407-Chemistry_Paper_With_Answer-NEET-pdf.pdf",y,y
What are the main benefits discussed?,"Bhagavad Gita-As It Is.pdf, We Were Never Meant to Be.pdf, 135742-NEET Physics_Paper_With_Answer-pdf.pdf","Bhagavad Gita-As It Is.pdf, 135925-NEET-2024-bio-question-paper-pdf.pdf, 1407-Chemistry_Paper_With_Answer-NEET-pdf.pdf",y,y
What are the major challenges mentioned?,"We Were Never Meant to Be.pdf, Bhagavad Gita-As It Is.pdf, 135742-NEET Physics_Paper_With_Answer-pdf.pdf","135925-NEET-2024-bio-question-paper-pdf.pdf, 135742-NEET Physics_Paper_With_Answer-pdf.pdf, 1407-Chemistry_Paper_With_Answer-NEET-pdf.pdf",y,y
What examples are provided?,"Bhagavad Gita-As It Is.pdf, We Were Never Meant to Be.pdf, 135742-NEET Physics_Paper_With_Answer-pdf.pdf","135925-NEET-2024-bio-question-paper-pdf.pdf, 135742-NEET Physics_Paper_With_Answer-pdf.pdf, Bhagavad Gita-As It Is.pdf",y,y
What are the important steps explained?,"We Were Never Meant to Be.pdf, Bhagavad Gita-As It Is.pdf, 135742-NEET Physics_Paper_With_Answer-pdf.pdf","135925-NEET-2024-bio-question-paper-pdf.pdf, Bhagavad Gita-As It Is.pdf, 135742-NEET Physics_Paper_With_Answer-pdf.pdf",y,y
What conclusions are presented?,"Bhagavad Gita-As It Is.pdf, We Were Never Meant to Be.pdf, 135742-NEET Physics_Paper_With_Answer-pdf.pdf","135925-NEET-2024-bio-question-paper-pdf.pdf, We Were Never Meant to Be.pdf, Bhagavad Gita-As It Is.pdf",y,y
What are the main recommendations?,"Bhagavad Gita-As It Is.pdf, We Were Never Meant to Be.pdf, 135742-NEET Physics_Paper_With_Answer-pdf.pdf","135925-NEET-2024-bio-question-paper-pdf.pdf, Bhagavad Gita-As It Is.pdf, We Were Never Meant to Be.pdf",y,y
